,"en","de"
"GENtle","GENtle","GENtle"
"t_language","Language","Sprache"
"m_newwin","&New\tCtrl-N","&Neu\tStrg-N"
"m_newwintxt","Open new window","Neues Fenster öffnen"
"m_file","&File","&Datei"
"m_open","&Open file\tCtrl-O ","Ö&ffnen\tStrg-O "
"m_opentxt","Open a file from the database","Eine Datei aus der Datenbank öffnen"
"m_import","&Import\tCtrl-I ","&Importieren\tStrg-I "
"m_importtxt","Import a CLONE file","Eine CLONE-Datei importieren"
"m_text_import","&Enter Sequence\tStrg-N ","Sequenz &eingeben\tStrg-N "
"m_text_importtxt","Enter or paste a sequence","Eine Sequenz direkt eingeben oder einfügen"
"m_exit","&Exit\tAlt-X ","&Beenden\tAlt-X "
"m_exittext","Quit the program","Beendet das Programm"
"m_tools","&Tools","&Werkzeuge"
"m_export","&Export\tCtrl-E ","&Exportieren\tStrg-E "
"m_export_txt","Export to file","In eine Datei exportieren"
"m_enzyme","Enzyme management","Enzym-Verwaltung"
"m_enzymeeditor","&Enzyme assistant","Restriktions-Assistent"
"m_enzymeeditortxt","Add, modify and view restriction enzymes    ","Bearbeiten und Hinzufügen von Restriktionsenzymen"
"m_help","&Help","&Hilfe"
"m_alignment","Alignment\tCtrl-G ","Alignment\tStrg-G "
"m_alignmenttxt","An alignment of multiple DNA sequences","Ein Alignment mehrerer DNS-Sequenzen"
"title","Title","Titel"
"imported_vector","Imported sequence","Importierte Sequenz"
"manually_entered_sequence","This sequence has been entered manually.","Diese Sequenz wurde manuell eingegeben."
"import_file","Import a file","Datei importieren"
"b_ok","&OK","&OK"
"b_cancel","&Cancel","&Abbruch"
"t_vector_editor","Sequence editor","Sequenz-Editor"
"Current","Current","Aktuell"
"All","All","Alle"
"Restriction","Restriction","Restriktion"
"All enzymes","All enzymes","Alle Restriktionsenzyme"
"Enzymes that cut","Enzymes that cut","Restriktionsenzyme, die schneiden"
"Enzymes that don't cut","Enzymes that don't cut","Restriktionsenzyme, die nicht schneiden"
"t_vec_prop","Properties","Eigenschaften"
"t_vec_item","Features","Features"
"t_vec_enzym","Restriction enzymes","Restriktionsenzyme"
"name","Name","Name"
"desc","Description","Beschreibung"
"type","Type","Typ"
"from","From","Von"
"to","To","Bis"
"direction","Strand direction","Strang-Richtung"
"cw","Leading","Kodierend"
"ccw","Complement","Nicht kodierend"
"itemtype0","Undefined","Undefiniert"
"itemtype1","Gene","Gen"
"itemtype2","CDS","Kodierende Sequenz"
"itemtype3","Origin of replication","Replikationsursprung"
"itemtype4","Promoter","Promoter"
"itemtype5","Terminator","Terminator"
"itemtype6","Misc. Feature","Diverses"
"itemtype7","Protein binding","Protein-Bindung"
"itemtype8","Origin of transfer","Transfer-Ursprung"
"itemtype9","Sequencing primer","Sequenzierprimer"
"current_enzymes","Current Enzymes","Aktuelle Restriktionenzyme"
"enzyme_groups","Enzyme groups","Restriktionenzymgruppen"
"enzymes_in_group","Enzymes in group","Restriktionenzyme in der Gruppe"
"import_clone_enzymes","Import Clone enzyme list","Clone-Enzymliste importieren"
"<-- add","<-- Add","<-- Hinzufügen"
"del -->","Remove -->","Entfernen -->"
"m_store_in_db","&Store\tCtrl-S ","&Speichern\tStrg-S "
"m_txt_store_in_db","Store this sequence in the database","Diese Sequenz in der Datenbank speichern"
"m_refresh_picture","&Refresh picture","&Bild neu aufbauen"
"m_toggle_rc","&Toggle linear/circular\tF5 ","Linear/Circulär &umschalten\tF5 "
"export_file","Export to file","In Datei exportieren"
"m_about","&About\tCtrl-F1","&Über\tStrg-F1"
"m_file","&File","&Datei"
"m_view","&View","&Ansicht"
"m_edit","&Edit","&Bearbeiten"
"m_help","&Help","&Hilfe"
"m_cut","&Cut\tCtrl-X ","&Ausschneiden\tStrg-X "
"m_copy","&Copy\tCtrl-C ","&Kopieren\tStrg-C "
"m_paste","&Paste\tCtrl-V ","&Einfügen\tStrg-V "
"m_cut_text","Cut marked sequence","Markierte Sequenz ausschneiden"
"m_copy_text","Copy marked sequence","Markierte Sequenz kopieren"
"m_paste_text","Paste sequence from clipboard","Sequenz aus Zwischenablage einfügen"
"m_find_text","Find sequence","Sequenz suchen"
"m_alignment_text","Alignments","Alignments"
"m_undo_text","Undo","Rückgängig"
"m_zoom_text","Map zoom","Karten-Zoom"
"m_imageviewer_text","Gel omage viewer","Gelbildbetrachter"
"m_calculator_text","Calculators and tables","Rechner und Tabellen"
"m_options_text","Preferences","Einstellungen"
"m_external_text","Web-interface","Web-Interface"
"m_copy_to_new","Copy to &new sequence","Als &neue Sequenz kopieren"
"m_as_new_feature","&Selection as new feature","Au&swahl als neues Feature"
"t_alignment_settings","Alignment settings","Alignment-Einstellungen"
"t_cropped_fragment","Cropped from %s to fragment (%d-%d).","Fragment aus %s ausgeschnitten (%d-%d)."
"item_status_bar","Feature : %s","Feature : %s"
"rsite_status_bar","Restriction site : %s","Restriktionssite : %s"
"frag2lig","Fragments to ligate","Zu ligierende Fragmente"
"what2create","What to create","Was soll gemacht werden"
"b_ligate","Ligate!","Ligieren!"
"_circ"," (circular)"," (circulär)"
"lig_of","Ligation of ","Ligation von "
"seq_loc","Position %d","Position %d"
"bp","Base pair %d","Basenpaar %d"
"res_editor","Restricion Assistant","Restrikions-Assistent"
"group","Group","Gruppe"
"subsel","Subselection","Unterauswahl"
"cuts","Cuts","Schnitte"
"length","Length","Länge"
"add2cocktail","Add to cocktail","Zum Cocktail"
"start_res","Start Restriction","Starte Restriktion"
"cocktail","Cocktail","Cocktail"
"base pairs.","base pairs.","Basenpaare erstellen."
"Do not create fragments below ","Do not create fragments below ","Keine Fragmente unter "
"Remove enzyme","Remove enzyme","Restriktionenzym entfernen"
"res_desc","Fragment of %s, was cut with %s at position %s","Fragment von %s, wurde mit %s an Position %s geschnitten"
"res_desc2"," and with %s at position %s."," sowie mit %s an Position %s."
"caution"," [!CAUTION!]    "," [!VORSICHT!]"
"#bp","%d bp","%d bp"
"vector","Sequence","Sequenz"
"size","Size","Größe"
"genes etc","Genes etc.","Gene usw."
"s_from","From : %d","Von : %d"
"s_to","To : %d","Bis : %d"
"s_length","Length : %d","Länge : %d"
"s_type","Type : %s","Typ : %s"
"s_desc","Description : %s","Beschreibung : %s"
"res_enzymes","Resriction Enzymes","Resriktionsenzyme"
"s_cuts_at","Cuts at %d","Schneidet bei %d"
"res_seq","Sequence : ","Sequenz : "
"res_loc","Location : ","Ort : "
"res_note","Note :     ","Notiz : "
"project","Project","Projekt"
"vectors","DNA","DNS"
"fragments","DNA Fragments","DNS-Fragmente"
"sequences","Sequences","Sequenzen"
"primers","PCR/Primers","PCR/Primer"
"alignments","Alignments","Alignments"
"m_manage_db","&Manage database","&Datenbank verwalten"
"m_manage_dbtxt","Manage the databases","Datenbanken verwalten"
"b_store","Save","Speichern"
"b_load","Load","Bin Laden"
"t_store","Store in database","In Datenbank speichern"
"t_load","Load from Database","Aus Datenbank laden"
"t_usedb","Use database","Datenbank auswählen"
"b_managedb","Manage &databases","&Datenbanken verwalten"
"t_databases","Databases","Datenbanken"
"b_add","&Add","Hinzufügen"
"t_choose_db","Choose database file","Datenbank-Datei auswählen"
"t_db_in_use","This database file is already in use","Diese Datenbank-Datei wird bereits benutzt"
"local_db","Local","Lokal"
"t_cannot_del_local_db","You cannot remove the local database from this list!","Sie können die lokale Datenbank nicht von der Liste entfernen!"
"b_del","&Remove","&Entfernen"
"b_done","&Done","&Fertig"
"m_edit_mode","&Edit mode\tF2 ","&Editiermodus\tF2 "
"seq_ed_loc","Base pair %d","Basenpaar %d"
"m_aa_none","&None at all\tCtrl-0","&Keine Aminosäuren anzeigen\tStrg-0"
"m_aa_all","&All three, one-letter\tCtrl-7","&Alle, Ein-Buchstaben-Code\tStrg-7"
"m_aa_known","&Known offsets only\tCtrl-8","Nur &Bekannte\tStrg-8"
"m_aa_1","Reading frame 1\tCtrl-1","Leseraster 1\tStrg-1"
"m_aa_2","Reading frame 2\tCtrl-2","Leseraster 2\tStrg-2"
"m_aa_3","Reading frame 3\tCtrl-3","Leseraster 3\tStrg-3"
"m_aa_one","One-letter-code\tCtrl-Y","Ein-Buchstaben-Code\tStrg-Y"
"m_aa_three","Three-letter-code\tCtrl-W","Drei-Buchstaben-Code\tStrg-W"
"m_aa_m1","Reading frame 1, complement\tCtrl-4","Leseraster 1, komplementär\tStrg-4"
"m_aa_m2","Reading frame 2, complement\tCtrl-5","Leseraster 2, komplementär\tStrg-5"
"m_aa_m3","Reading frame 3, complement\tCtrl-6","Leseraster 3, komplementär\tStrg-6"
"m_aa_main","&Display amino acids","Aminosäuren &darstellen"
"t_settings","Settings","Einstellungen"
"t_sequences","Sequences","Sequenzen"
"t_algorithm","Algorithm","Algorithmus"
"t_display","Display","Darstellung"
"al_cur","Selected sequences","Ausgewählte Sequenzen"
"al_all","All loaded sequences","Momentan geladene Sequenzen"
"b_up_in_list","&Up","&Hoch"
"b_down_in_list","&Down","&Runter"
"t_smith_waterman","Smith-Waterman local alignment","Smith-Waterman lokales Alignment"
"t_needleman_wunsch","Needleman-Wunsch global alignment","Needleman-Wunsch globales Alignment"
"t_match","Match","Übereinstimmend"
"t_mismatch","Gap extension penalty","Lückenerweiterung"
"t_gap_penalty","Gap penalty","Lücke öffnen"
"t_alg_param","Parameters","Einstellungen"
"m_options","&Options","&Einstellungen"
"m_options_txt","Several program options and settings","Diverse Einstellungen und Optionen"
"t_program_options","Program options","Programmeinstellungen"
"t_effect_after_restart","Some changes will take effect only after restarting the program","Eine Änderungen werden erst wirksam, wenn Sie das Programm neu starten"
"t_about_txt","GENtle\nAuthor: Magnus Manske\nReleased under GPL 2003","GENtle\nAutor: Magnus Manske\nVeröffentlicht unter GPL 2003"
"t_about","About GENtle","Über GENtle"
"t_enzymeeditor","Enzyme editor","Restriktionenzymeditor"
"t_open","Open","Öffnen"
"m_print_image","&Print map","Sequenzkarte &drucken"
"m_print_image_txt","Print the sequence map","Druckt die Sequenzkarte"
"m_print_restrictions","Print restriction list","Restriktionsliste drucken"
"m_print_restrictions_txt","",""
"t_entry_exists","This entry already exists. Please choose a new name.","Unter diesem Namen existiert bereits ein Eintrag. Bitte wählen Sie einen anderen Namen."
"t_entry_exists_brief","This entry already exists.","Unter diesem Namen existiert bereits ein Eintrag."
"t_entry_exists_but","An entry with this name and sequence exists. Overwrite it?","Es existiert bereits ein Eintrag mit diesem Namen und dieser Sequenz. Überschreiben?"
"msg_box","Message","Nachricht"
"t_enhanced_display","Enhanced display (maybe slow)","Bessere Anzeige (nur auf schnellen Computern)"
"t_vector_title","Show sequence title","Zeige Sequenztitel"
"t_vector_length","Show sequence length","Zeige Sequenzlänge"
"short_itemtype0","???","???"
"short_itemtype1","Gene","Gen"
"short_itemtype2","CDS","Kod. Seq."
"short_itemtype3","Ori","Ori"
"short_itemtype4","Promoter","Promoter"
"short_itemtype5","Terminator","Terminator"
"short_itemtype6","Misc.","Diverses"
"b_add_to_group","Add to group","Zur Gruppe hinzufügen"
"b_add_as_new_group","Add as new group","Als neue Gruppe"
"t_new_enzyme_group_name","Enter new group name:","Neuen Gruppennamen eingeben:"
"m_find","&Search\tCtrl-F","&Suchen\tStrg-F"
"t_find","Search for sequence","Sequenzsuche"
"b_find","&Search","&Suchen"
"t_search_reached_end","The search has reached the end of the sequence. Continue from the beginning?","Die Suche hat das Ende der Sequenz erreicht. Am Beginn der Sequenz fortsetzen?"
"b_set_default","As &Default","Als &Standard"
"t_management","Management","Verwaltung"
"b_clear_selection","Clear selection","Auswahl löschen"
"b_add_item","Add feature","Neues Feature"
"d_del_item","Delete feature","Feature löschen"
"t_new_item","New feature","Neues Feature"
"m_restriction","Restriction","Restriktion"
"m_restrictiontxt","Perform restrictions","Restriktionsverdau simulieren"
"X-Y (# bp)","%d - %d (%d bp)","%d - %d (%d bp)"
"t_available_enzymes","Available enzymes","Restriktionenzym-Auswahl"
"t_delete","Delete","Löschen"
"t_deletion_warning","Deleting feature(s)","Einträge löschen"
"t_deletion_warning_txt","You are about to PERMANENTLY DELETE item(s) from the database. Are you really sure you want to do that?","Sie sind dabei, einen oder mehrere Einträge PERMANENT zu LÖSCHEN. Sind Sie sicher, dass Sie das wollen?"
"t_rename","Rename","Umbenennen"
"t_rename_db_entry","Rename %s to","%s umbenennen in"
"t_entry_exists_del_target","This entry already exists. Overwrite the existing entry?","Unter diesem Namen existiert bereits ein Eintrag. Bestehenden Eintrag ersetzen?"
"p_item_mark","&Mark feature sequence","Feature-Sequenz &markieren"
"p_item_mark_show","Mark and &show feature sequence","Feature-Sequenz markieren und &anzeigen"
"p_item_edit","&Edit feature","Feature &bearbeiten"
"p_item_as_new_entry","This feature as &new sequence","Feature als &neue Sequenz"
"p_rs_mark","&Mark restriction site","Restiktions-Site &markieren"
"p_rs_mark_show","Mark and &show restriction site","Restiktions-Site markieren und &anzeigen"
"p_rs_add_to_cocktail","&Add to cocktail","Zum Cocktail &hinzufügen"
"p_rs_add_to_cocktail_and_cut","Add &to cocktail and cut","Zum Cocktail hinzufügen &und schneiden"
"p_rs_del_from_cocktail","&Remove from cocktail","Aus dem Cocktail &entfernen"
"p_cut_with_cocktail","&Cut with cocktail","Mit dem Cocktail &schneiden"
"p_vector_edit","Edit &sequence","&Sequenz bearbeiten"
"p_rs_edit","&Edit restriction enzyme","Restriktionsenzym &bearbeiten"
"p_rs_del","&Remove enzyme","Enzym &entfernen"
"tt_rs","Restriction enzyme %s, cuts %d times","Restriktionsenzym %s, schneidet %dmal"
"tt_item","%s %s (%s)","%s %s (%s)"
"m_help_content","Content\tF1","Inhalt\tF1"
"f_help","help/en_main.htm","help/de_main.htm"
"m_project_open","Load Project\tF11","Projekt laden\tF11"
"m_project_opentxt","Load a project from the database","Projekt aus der Datenbank laden"
"m_project_save","Save Project\tF12","Projekt speichern\tF12"
"m_project_savetxt","Save the project to the database","Projekt in der Datenbank speichern"
"t_following_not_in_db","The project can't be saved, because the following objects are not stored in any database:","Das Projekt kann nicht gespeichert werden, da die folgenden Objekte in keiner Datenbank vorhanden sind:"
"t_following_end","\nSave the project anyway?","\nDas Projekt trotzdem speichern?"
"t_item_delete","You are about to delete feature '%s'. Are sure you want to do that?","Sie sind dabei, das Objekt '%s' zu löschen. Sind Sie sicher?"
"m_blast","BLAST","BLAST"
"t_following_not_in_db_open","The following objects are not stored in any database:","Die folgenden Objekte sind in keiner Datenbank vorhanden:"
"t_following_end_open","\nDiscard them and load new project?","\nObjekte verwerfen und neues Projekt laden?"
"t_not_all_files_loaded","Not all files of the project could be loaded!","Nicht alle Projekt-Dateien konnten geladen werden!"
"t_not_all_files_imported","Not all files could be imported!","Nicht alle Dateien konnten importiert werden!"
"t_load_last_project","Load last project on startup","Beim Starten das letzte Projekt laden"
"m_project_close","Close project","Projekt schließen"
"m_project_closetxt","Close the current project","Das aktuelle Projekt schließen"
"amino_acid","Amino acid sequence","Aminosäuresequenz"
"amino_acids","Amino acid sequences","Aminosäuresequenzen"
"dna","DNA","DNS"
"m_mark_all","Mark &all\tCtrl-A","&Alles markieren\tStrg-A "
"t_decide_aa_schema","Decide on an amino acid scheme first!","Bitte wählen Sie zuerst eine eindeutige Art der Aminosäure-Darstellung!"
"t_aa_from_vec","Amino acid sequence from %s","Aminosäuresequenz von %s"
"m_extract_aa","Extract amino acids","Aminosäuren extrahieren"
"t_attention_aa","This amino acid scheme might cause problems (e.g., wrong direction, overlapping etc.)!","Dieses Aminosäure-Schema kann Probleme verursachen (z.B. falsche Richtung, Überlappungen etc.)"
"d_item_hide","Hide feature","Feature ausblenden"
"d_item_show","Show feature","Feature anzeigen"
"t_genbank_format","GenBank format","GenBank-Format"
"m_blast_dna","BLAST DNA","BLAST DNS"
"m_blast_aa","BLAST aminio acids","BLAST Aminosäuren"
"t_transform_sequence","Transform sequence","Sequenz transformieren"
"t_invert_sequence","Invert sequence","Sequenz invertieren"
"t_complement_sequence","Complement sequence","Komplementäre Sequenz"
"t_as_new_item","As new sequence (keep the original sequence)","Als neue Sequenz (alte Sequenz beibehalten)"
"m_copy_image","Copy image to clipboard","In die Zwischenablage kopieren"
"t_use_metafile","Use metafile format for sequence map on clipboard","Metafile-Format zum Kopieren der Sequenzkarte verwenden"
"t_close_anyway","Save changes to %s before closing?","Änderungen in %s speichern?"
"b_item_color","Fill color","Füllfarbe"
"m_edit_aa","Edit peptide","Peptid bearbeiten"
"t_edit_aa_name","Edit name","Namen ändern"
"t_edit_aa_name_txt","Edit the name for this peptide/amino acid sequence","Namen dieses Peptids/dieser Aminosäuresequenz ändern"
"m_orfs","Show/hide ORFs\tF4","ORFs anzeigen/verbergen\tF4"
"m_orfs_txt","Show/hide open reading frames","Offene Leseraster anzeigen/verbergen"
"t_orf_1","Reading frame 1","Leseraster 1"
"t_orf_2","Reading frame 2","Leseraster 2"
"t_orf_3","Reading frame 3","Leseraster 3"
"t_orf_1c","Reading frame 1, complementary","Leseraster 1, komplementär"
"t_orf_2c","Reading frame 2, complementary","Leseraster 2, komplementär"
"t_orf_3c","Reading frame 3, complementary","Leseraster 3, komplementär"
"t_orf_msg","Select the reading frames to search for ORFs","Wählen Sie aus, welche Leseraster nach ORFs durchsucht werden sollen"
"m_edit_orfs","Edit ORFs","ORFs bearbeiten"
"t_show_splashscreen","Show splashscreen","Splashscreen beim Programmstart anzeigen"
"aa_info","%d Amino acids\nmW =%10.2f                pI =%5.2f (estimated)\n","%d Aminosäuren\nmW =%10.2f                pI =%5.2f (geschätzt)\n"
"aa_info1a","ext=%10.2f                abs=%5.3f (1g/l)","ext=%10.2f                abs=%5.3f (1g/l)"
"aa_info2","Negative (Asp + Glu):%3d      Positive (Arg + Lys):%3d","Negativ (Asp + Glu):%4d      Positiv (Arg + Lys):%4d"
"aa_info3","Atomic composition (%d atoms total)\n%7d C Carbon\n%7d H Hydrogen\n%7d N Nitrogen\n%7d O Oxygen\n%7d S Sulfur","Atomare Zusammensetzung (insgesamt %d Atome)\n%7d C Kohlenstoff\n%7d H Wasserstoff\n%7d N Stickstoff\n%7d O Sauerstoff\n%7d S Schwefel"
"aa_info4","Estimated half-life : %s in mammals, %s in yeast, %s in e.coli","Geschätzte Halbwertzeit: %s in Säugetieren, %s in Hefe, %s in E. coli"
"aa_info5","Grand average of hydropathicity (GRAVY) : %.3f","Grand average of hydropathicity (GRAVY) : %.3f"
"m_view_mode","Expand sequence map\tF3","Sequenzkarte größer\tF3"
"t_reading_frame","Reading frame","Leseraster"
"p_rs_info","&Online enzyme information","Enzym-Information &online"
"m_show_hide_enzyme","&Show/hide enzyme","Enzym &anzeigen/ausblenden"
"m_primer","&Primer","&Primer"
"m_primer_forward","&Forward","&Vorwärts"
"m_primer_backward","&Backward","&Rückwärts"
"m_primer_both","B&oth","&Beide"
"m_primer_mutation","&Mutation","&Mutation"
"#","#","#"
"h_tm","Tm (°C)","Tm (°C)"
"score","Score","Bewertung"
"sequence","Sequence","Sequenz"
"%GC","%GC","%GC"
"h_direction","Annealed","Annealed"
"h_position","Pos.","Pos."
"t_limits","Limits","Grenzwerte"
"t_5_l","5' left","5' links"
"t_5_r","5' right","5' rechts"
"t_3_l","3' left","3' links"
"t_3_r","3' right","3' rechts"
"t_minlen","Min length","Min Länge"
"t_maxlen","Max length","Max Länge"
"t_mintmp","Min °C","Min °C"
"t_maxtmp","Max °C","Max °C"
"t_recalc","Re&calc","&Berechnen"
"t_reset","Re&set","&Zurücksetzen"
"m_copy_as_text","Copy as &text","Als &Text kopieren"
"m_copy_as_image","Copy as &image","Als &Bild kopieren"
"m_copy_as","Sequence ...","Sequenz ..."
"p_orf_copy_dna","Copy DNA sequence","Kopiere DNS-Sequenz"
"p_orf_copy_aa","Copy amino acid sequence","Kopiere Aminosäure-Sequenz"
"p_orf_as_new_item","As new feature","Als neues Feature"
"p_orf_as_new_dna","As new DNA","Als neue DNS"
"p_orf_as_new_aa","As new AA","Als neue AS"
"t_new_item_title","New feature (%d-%d)","Neues Feature (%d-%d)"
"t_orf_extracted","Extracted via ORF","Extracted via ORF"
"p_dna_sequence","DNA sequence","DNS-Sequenz"
"p_aa_sequence","Amino acid sequence","Aminosäuresequenz"
"p_selection","Selection","Markierung"
"p_item_blast_dna","BLAST DNA","BLAST DNS"
"p_item_blast_aa","BLAST aminio acids","BLAST Aminosäuren"
"p_item_as_new_aa_entry","As new entry","Als neuen Eintrag"
"p_item_copy_dna","Copy (coding) DNA sequence","Kopiere (kodierende) DNS-Sequenz"
"p_item_copy_aa","Copy amino acid sequence","Kopiere Aminosäure-Sequenz"
"b_export_primer","Export primer","Primer exportieren"
"b_import_primer","Add primer","Primer hinzufügen"
"t_melting_temperatures","%2.1f°C (nearest neighbour)\n%2.1f°C (salt-adjusted)\n%2.1f°C (GC-method)\n","%2.1f°C (Nächster Nachbar)\n%2.1f°C (Salz-adjustiert)\n%2.1f°C (GC-Methode)\n"
"m_print_sequence","Print sequence","Sequenz drucken"
"t_page_of","Page %d of %d","Seite %d von %d"
"m_print_report","Print &report","&Bericht drucken"
"m_print_report_txt","Print map, feature list, and sequence","Druckt die Sequenzkarte, Objektliste, und Sequenz"
"m_copy_result_dna","Copy resulting DNA","Kopiere resultierende DNA"
"m_copy_result_aa","Copy resulting AA","Kopiere resultierende AS"
"m_new_from_result_dna","New from resulting DNA","Neu von resultierender DNA"
"m_new_from_result_aa","New from resulting AA","Neu von resultierenden AS"
"m_result_dna","Resulting DNA","Resultierende DNA"
"m_result_aa","Resulting AA","Resultierende AS"
"t_pcr_result","PCR product","PCR-Produkt"
"m_close","Close","Schließen"
"p_fill_klenow","Klenow-fill","Klenow-auffüllen"
"t_pcr","PCR","PCR"
"m_pcr","&PCR","&PCR"
"t_load_primers_first","Load a primer first!","Zuerst einen Primer laden!"
"t_chose_primer","Chose a primer","Primer auswählen"
"t_chose_primer_txt","Chose a primer to import","Einen Primer zum Importieren auswählen"
"t_primer","Primer","Primer"
"m_new_primer","Manually enter new primer","Neuen Primer manuell eingeben"
"m_new_sequence","Manually enter new sequence","Neue Sequenz manuell eingeben"
"t_zoom","Zoom","Zoom"
"b_new","New","Neu"
"t_add_new_db","Create new database","Neue Datenbank anlegen"
"t_db_already_exists","The creation of the new database was unsuccessful.","Das Anlegen der neuen Datenbank war nicht erfolgreich."
"format_filter_clone","CLONE (*.*)|*.*","CLONE (*.*)|*.*"
"format_filter_genbank","GenBank (*.gb;*.gen)|*.gb;*.gen","GenBank (*.gb;*.gen)|*.gb;*.gen"
"format_filter_fasta","Sequencing/FASTA (*.seq)|*.seq","Sequenzierung/FASTA (*.seq)|*.seq"
"format_filter_plain_dna","Plain text DNA (*.*)|*.*","Text DNA (*.*)|*.*"
"format_filter_plain_aa","Plain text amino acids (*.*)|*.*","Text Aminosäuren (*.*)|*.*"
"format_filter_csv","Spectrum (*.*)|*.*","Spektrum (*.*)|*.*"
"t_filter","Filter","Filter"
"m_plasmid_map","Sequence map","Sequenzkarte"
"format_filter_abi","ABI/Chromas (*.*)|*.*","ABI/Chromas (*.*)|*.*"
"format_filter_auto","Automatic detection (*.*)|*.*","Automatisch (*.*)|*.*"
"t_unable_to_detect_file_type","Unable to determine file type","Das Dateiformat konnte nicht erkannt werden."
"t_no_or_empty_sequence","Empty sequence (or no sequence selected)","Leere Sequenz (oder keine Sequenz ausgewählt)"
"t_blast_failed","BLAST failed","BLAST fehlgeschlagen"
"t_aid_lines","Help lines","Hilfslinien"
"t_scale_width","Scale width","Breitenskalierung"
"t_scale_height","Scale height","Höhenskalierung"
"t_abi_start","Start : %4d-%2d-%2d, %2d:%2d:%2d\n","Start : %4d-%2d-%2d, %2d:%2d:%2d\n"
"t_abi_stop","Stop : %4d-%2d-%2d, %2d:%2d:%2d\n","Stop  : %4d-%2d-%2d, %2d:%2d:%2d\n"
"t_abi_sample","Sample : ","Probe : "
"t_abi_comb","Comb : ","Kamm  : "
"t_abi_primer_mobility_correction","Primer mobility correction file : ","Primer-Mobilitäts-Korrektur-Datei : "
"t_abi_lane","Lane : %d\n","Lane  : %d\n"
"t_abi_gel","Gel  : ","Gel   : "
"t_abi_file","File : ","Datei : "
"t_abi_original","Original data from ABI-format file:\n","Originaldaten aus der ABI-Datei:\n"
"m_display_features","Show/Hide features\tF6","Features anzeigen/verbergen\tF6"
"m_display_restriction","Display/Hide restriction sites\tF7","Restriktionen darstellen/verbergen\tF7"
"t_ligation","Ligation","Ligation"
"m_ligation","&Ligation\tCtrl-L","&Ligation\tStrg-L"
"t_not_yet_implemented","Not implemented ... yet!","Nicht implementiert - NOCH nicht!"
"protein","Protein","Protein"
"t_edit_item","Edit feature","Feature bearbeiten"
"t_seq_style","Type in sequence display","Darstellung in Sequenz"
"t_seq_style_default","Default (thin line)","Normal (Linie)"
"t_seq_style_alpha","Alpha helix","Alpha-Helix"
"t_seq_style_beta","Beta sheet","Beta-Faltblatt"
"t_seq_style_mut","Mutation","Mutation"
"t_seq_style_noline","No line","Keine Linie"
"t_seq_style_vline","Vertical line","Senkrechte Linie"
"seq_ed_ins","Insert","Einfügen"
"seq_ed_ovr","Overwrite","Überschreiben"
"t_pov_warning","You are using an outdated program version. For security reasons, write access to some databases has been denied. Please upgrade to a new version (it's free!)","Sie benutzen eine alte Version dieses Programms. Aus Sicherheitsgründen können Sie Einträge in manchen Datenbanken nicht mehr verändern. Bitte stellen Sie (kostenlos!) auf eine aktuelle Version um."
"LOADED","yes","yes"
"m_image_viewer","Image &viewer","&Bildbetrachter"
"m_image_viewer_txt","To view, print and convert BioRad Molecular Imager IMG files","Zum Betrachten, drucken und umwandeln von BioRad Molecular Imager IMG-Dateien"
"misc_stuff","Misc.","Diverses"
"t_image_viewer","Image viewer","Bildbetrachter"
"t_export_as_bitmap","Export as bitmap (*.bmp)","Als Bitmap speichern (*.bmp)"
"m_save_as_bitmap","Save as image","Als Bild speichern"
"m_copy_to_clipboard","Copy to clipboard","In die Zwischenablage kopieren"
"t_calculator","Calculator","Rechner"
"m_calculator","&Calculator","&Rechner"
"m_calculator_txt","Miscellanous calculations","Verschiedene Berechnungen"
"t_lig_grid","Ligation","Ligation"
"t_calc_data","Data","Daten"
"t_lig_grid_title","Worksheet for calculation of ligation","Worksheet zur Berechnung von Ligationsansätzen"
"t_calc_lig_1","Total mass =","Gesamtmasse ="
"t_calc_lig_2","Vector length =","Länge Vektor ="
"t_calc_lig_3","c (vector) =","c (Vektor) ="
"t_calc_lig_4","Insert length =","Länge Insert ="
"t_calc_lig_5","c (Insert) =","c (Insert) ="
"t_calc_lig_6","Insert:Vector =","Insert:Vektor ="
"t_calc_lig_7","g","g"
"t_calc_lig_8","g/mol","g/mol"
"t_calc_lig_9","DNA needed","DNA benötigt"
"t_calc_lig_10","Vector","Vektor"
"t_calc_lig_11","Insert","Insert"
"t_calc_lig_12","fmol","fmol"
"t_calc_lig_13","ng","ng"
"t_calc_lig_14","Solutions","Lösungen"
"t_calc_lig_15","µl","µl"
"t_lig_dna","DNA concentration","DNA-Konzentration"
"t_calc_dna_1","A260","A260"
"t_calc_dna_2","A280","A280"
"t_calc_dna_3","Dilution","Verdünnung"
"t_calc_dna_4","Factor","Faktor"
"t_calc_dna_5","50 for double-stranded DNA, 40 for single-stranded DNA/RNA, 20 for oligonucleotides","50 für doppelsträngige DNA, 40 für einzelsträngige RNA/DNA, 20 für Oligonukleotide"
"t_calc_dna_6","µg/µl","µg/µl"
"t_calc_dna_7","(should be above 1.6)","(sollte über 1.6 liegen)"
"t_calc_dna_8","Concentration","Konzentration"
"t_calc_dna_9","Purity","Reinheit"
"add_new_enzyme","&New enzyme","&Neues Restriktionenzym"
"t_vec_prot","Proteases","Proteasen"
"t_vec_edit_prot","&Edit protease","Protease &bearbeiten"
"t_vec_new_prot","&New protease","&Neue Protease"
"t_new_enzyme","New restriction enzyme","Neues Restriktionsenzym"
"t_new_protease","New protease","Neue Protease"
"t_new_version","A new version of GENtle is available. Install now?","Eine neue GENtle-Version ist verfügbar. Jetzt installieren?"
"t_check4update","Check for new version on startup","Beim Start auf neue Version prüfen"
"m_print","&Print","&Drucken"
"t_use_item_offset","Use offset","Offset benutzen"
"t_is_visible","Visible","Sichtbar"
"m_silmut","Silent &mutation","Stille &Mutation"
"t_silmut","Silent mutation","Stille Mutation"
"t_silmut_max_xhg","Maximum number of mutations","Maximale Anzahl Mutationen"
"t_silmut_max_cut1","Ignore enzymes that would cut more than","Ignoriere Restriktionenzyme, die öfter als"
"t_silmut_max_cut2","times","mal schneiden würden"
"m_undo","Undo","rückgängig machen"
"m_redo","Redo","Erneut ausführen"
"u_cut","&Undo cut","Ausschneiden &rückgängig machen"
"u_paste","&Undo paste","Einfügen &rückgängig machen"
"u_edit","&Undo edit","Bearbeiten &rückgängig machen"
"u_title_change","&Undo title edit","Titel bearbeiten &rückgängig machen"
"u_del_item","&Undo delete feature","Feature löschen &rückgängig machen"
"u_del_seq","&Undo delete sequence","Sequenz löschen &rückgängig machen"
"u_orf_new_item","&Undo ORF as new feature","ORF als neues Feature &rückgängig machen"
"u_new_feature","&Undo new feature","Neues Feature &rückgängig machen"
"u_vec_edit","&Undo vector edit","Vektorbearbeitung &rückgängig machen"
"u_del_enzyme","&Undo delete enzyme","Enzym löschen &rückgängig machen"
"u_fill_klenow","&Undo fill Klenow","Klenow-auffüllen &rückgängig machen"
"u_transform","&Undo transform","Transformation &rückgängig"
"u_no","&Undo","&Rückgängig machen"
"t_identity","Identity","Identität"
"t_clustal_w","Clustal-W","Clustal-W"
"t_matrix_blosum","BLOSUM","BLOSUM"
"t_matrix_pam","PAM","PAM"
"t_matrix_gonnet","GONNET","GONNET"
"t_matrix_id","ID","ID"
"t_twopanes","&Two lists","&Zwei Listen"
"m_save_as_image","&Save as image","Als Bild &speichern"
"t_too_large_to_copy","The image might be too large for the clipboard. Save instead?","Das Bild ist möglicherweise zu groß für die Zwischenablage. Stattdessen speichern?"
"t_save_image","Save image","Bild speichern"
"t_ambigous_name","There are more than one items with this name","Mehr als ein Objekt hat diesen Namen"
"t_abi_inv_comp","Invert&&complement","Invertiert&&komplementär"
"t_mmb","Middle mouse button","Mittlere Maustaste"
"t_mmb_insert_gap","Insert gap","Lücke einfügen"
"t_mmb_delete_gap","Delete gap","Lücke entfernen"
"t_mmb_insert_gap_others","Insert gap everywhere else","Lücke überall sonst einfügen"
"t_mmb_delete_gap_others","Delete gap everywhere else","Lücke überall sonst entfernen"
"t_alignment_txt","Features of the first sequence in the list will be shown.","Features der ersten Sequenz in der Liste werden angezeigt."
"m_what_cuts","Show enzymes that cut here","Zeige Enzyme, die hier schneiden"
"t_what_cuts","Which enzymes cut here?","Welche Enzyme schneiden hier?"
"t_whatcuts_format","%s (%2d cuts total) Fragments: %s","%s (schneidet %dx) Fragmente : %s"
"b_del_group","Delete group","Gruppe löschen"
"b_del_from_group","Delete from group","Aus Gruppe löschen"
"t_del_group","Are you sure you want to delete enzyme group '%s'?","Wollen Sie die Enzymgruppe '%s' wirklich löschen?"
"t_useinternalhelp","Use &internal help (if F1 doesn't work otherwise)","&Interne Hilfe benutzen (falls F1 sonst nicht funktioniert)"
"m_print_preview","Print preview","Druck&vorschau"
"m_align_bold","Bold","Fett"
"m_align_mono","Mono","Mono"
"m_align_norm","Normal","Normal"
"m_align_invs","Inverted","Invertiert"
"m_align_soa","Strength of alignment","Stärke des Alignments"
"m_align_soai","Strength of alignment (inverted)","Stärke des Alignments (invertiert)"
"m_align_siml","Similarity","Ähnlichkeit"
"m_align_seq","Sequenz","Sequenz"
"m_align_feat","Features","Features"
"m_align_rna","RNA","RNA"
"m_align_cons","Conserved","Konserviert"
"m_align_ident","&Identity","&Identität"
"t_horizontal","Horizontal","Horizontal"
"t_seq_move","Move line","Zeile verschieben"
"t_seq_up","Move line up","Eine Zeile nach oben"
"t_seq_down","Move line down","Eine Zeile nach unten"
"t_seq_top","As first line","Als erste Zeile"
"t_seq_bottom","As last line","Als letzte Zeile"
"t_hide_feature_line","Hide features for this line","Features für diese Zeile verbergen"
"t_show_feature_line","Show features for this line","Features für diese Zeile anzeigen"
"t_mysql_error","Error in MySQL database %s","Fehler in MySQL-Datenbank %s"
"t_db_name","Database name : %s","Name der Datenbank : %s"
"t_db_location","Location : %s","Ort : %s"
"t_files","Files","Dateien"
"t_mysql","MySQL","MySQL"
"t_possible_alignment","This appears to be an alignment. Open it as alignment?","Dies scheint ein Alignment zu sein. Als Alignment öffnen?"
"t_tip","Tip of the day","Tip des Tages"
"m_align_gap","Gap","Lücke"
"t_alignment","Alignment","Alignment"
"t_align_not_found","%s could not be found; using alternative data","%s konnte nicht gefunden werden; benutzt alternative Daten"
"u_what_cuts","&Undo what cuts","Welche Enzyme schneiden hier &rückgängig"
"t_schema","Scheme","Schema"
"X-Y (# aa)","%d - %d (%d amino acids)","%d - %d (%d Aminosäuren)"
"t_chou_fasman","Chou-Fasman plot","Chou-Fasman-Plot"
"t_ncoils","Coiled-coil","Coiled-Coil"
"t_data","Data","Daten"
"t_no_plot","No plot","Kein Plot"
"m_aa_view","&View","&Ansicht"
"m_aa_view_original","&Original","&Original"
"m_aa_view_real","&1:1","&1:1"
"m_aa_view_condensed","&Compact","&Kompakt"
"t_xml","XML","XML"
"t_allow_all_chars","Enable editing using all letters for this session?","Für diese Sitzung Eingeben aller Zeichen erlauben?"
"t_question","Question","Frage"
"t_aa_plot_mw","AA weight","AS-Gewicht",
"t_aa_plot_pi","AA isoelectric point","AS isoelektrischer Punkt"
"t_aa_plot_hp","Hydrophobicity","Hydrophobizität",
"t_pcr_spin_1","Polymerase can run for ","Polymerase kann "
"t_pcr_spin_2"," nucleotides"," Nukleotide abarbeiten"
"t_checking4update","Checking for new version...","Suche nach neuer Version..."
"t_downloading_new_version","Downloading new version...","Lade neue Version..."
"t_method_kyte-doolittle","Kyte-Doolittle","Kyte-Doolittle"
"t_method_hopp-woods","Hopp-Woods","Hopp-Woods"
"t_loading","Loading %s","Lade %s"
"m_sel_as_new_primer","Selection as new primer","Auswahl als neuen Primer"
"m_hide_enzymes_limit","Limit enzymes","Enzyme limitieren"
"m_display_idna","Show 3'->5'\tF8","Zeige 3'->5'\tF8"
"t_calc_prot_1","E250","E250"
"t_calc_prot_2","E280","E280"
"t_calc_prot_3","#Trp","#Trp"
"t_calc_prot_4","#Tyr","#Tyr"
"t_calc_prot_5","#Cys","#Cys"
"t_calc_prot_6","MW","MW"
"t_calc_prot_7","d","d"
"t_calc_prot_8","Purity","Reinheit"
"t_calc_prot_9","Concentration","Konzentration"
"t_calc_prot_10","(should be above 1.8)","(sollte über 1.8 liegen)"
"t_calc_nm","nm","nm"
"t_calc_cm","cm (layer thickness of cuvette)","cm (Schichtdicke der Küvette)"
"t_calc_kd","kD","kD"
"t_calc_mg_ml","mg/ml","mg/ml"
"t_calc_prot","Protein","Protein"
"t_calc_g_mol","g/mol","g/mol"
"m_aa_photometer","Photometer analysis","Photometer-Analyse"
"t_some_changed","At least one object was changed. Close anyway (changes will be lost)?","Mindestens ein Objekt wurde geändert. Trotzdem schließen (Änderungen gehen verloren)?"
"t_aa_R","Arginine","Arginin"
"t_aa_Q","Glutamine","Glutamin"
"t_aa_F","Phenylalanine","Phenylalanin"
"t_aa_Y","Tyrosine","Tyrosin"
"t_aa_W","Tryprophan","Tryprophan"
"t_aa_K","Lysine","Lysin"
"t_aa_G","Glycine","Glycin"
"t_aa_A","Alanine","Alanin"
"t_aa_H","Histidine","Histidin"
"t_aa_S","Serine","Serin"
"t_aa_P","Proline","Prolin"
"t_aa_E","Glutamic acid","Glutaminsäure"
"t_aa_D","Aspartic acid","Asparaginsäure"
"t_aa_T","Threonine","Threonin"
"t_aa_C","Cysteine","Cystein"
"t_aa_M","Methionine","Methionin"
"t_aa_L","Leucine","Leucin"
"t_aa_N","Asparagine","Asparagin"
"t_aa_I","Isoleucine","Isoleucin"
"t_aa_V","Valine","Valin"
"m_aa_backtranslate","'Backtranslate' DNA","DNS 'zurückübersetzen'"
"m_insert_restiction_site_left","Insert restriction site left of this selection","Restriktionsschnittstelle links von der Markierung einfügen"
"m_insert_restiction_site_right","Insert restriction site right of this selection","Restriktionsschnittstelle rechts von der Markierung einfügen"
"codontable1","Standard","Standard"
"codontable2","Vertebrate Mitochondrial","Mitochondrien (Vertebraten)"
"codontable3","Yeast Mitochondrial","Mitochondrien (Hefe)"
"codontable4","Mold, Protozoan, and Coelenterate Mitochondrial and the Mycoplasma/Spiroplasma","Mold, Protozoan, and Coelenterate Mitochondrial and the Mycoplasma/Spiroplasma"
"codontable5","Invertebrate Mitochondrial","Mitochondrien (Invertebraten)"
"codontable6","Ciliate, Dasycladacean and Hexamita Nuclear","Ciliate, Dasycladacean and Hexamita Nuclear"
"codontable9"," Echinoderm and Flatworm Mitochondrial","Mitochondrien (Echinodermata und Plattwürmer)"
"codontable10","Euplotid Nuclear","Euplotid Nuclear"
"codontable11","Bacterial and Plant Plastid","Bakterien und Pflanzenplastide"
"codontable12","Alternative Yeast Nuclear","Alternative Yeast Nuclear"
"codontable13","Ascidian Mitochondrial","Ascidian Mitochondrial"
"codontable14","Alternative Flatworm Mitochondrial","Alternative Flatworm Mitochondrial"
"codontable15","Blepharisma Nuclear","Blepharisma Nuclear"
"codontable16","Chlorophycean Mitochondrial","Chlorophycean Mitochondrial"
"codontable21","Trematode Mitochondrial","Trematode Mitochondrial"
"codontable22","Scenedesmus obliquus mitochondrial","Scenedesmus obliquus mitochondrial"
"codontable23","Thraustochytrium Mitochondrial","Thraustochytrium Mitochondrial"
"PDB_SLTBRG","Salt bridge with","Salzbrücke mit"
"PDB_LINK","Link to","Verbindung zu"
"t_add_sql","Add MySQL database","MySQL-Datenbank hinzufügen"
"t_new_sql","New MySQL database","Neue MySQL-Datenbank"
"t_global_settings","Global settings","Globale Einstellungen"
"t_global_enzymes","Enzyme settings","Enzym-Einstellungen"
"t_use_global_enzyme_settings","Use global enzyme settings","Globale Enzym-Einstellungen verwenden"
"t_use_project_enzyme_settings","Use project enzyme settings","Projekt-Enzym-Einstellungen verwenden"
"t_use_single_enzyme_settings","Use these enzyme settings","Diese Enzym-Einstellungen verwenden"
"t_ges_join_enzymes","Join enzymes","Enzyme zusammenfassen"
"t_ges_use_min_cutoff","Use min cutoff","Schnitt-Minimum"
"t_ges_use_max_cutoff","Use max cutoff","Schnitt-Maximum"
"t_ges_seqlen4","Sequence length 4","Sequenzlänge 4"
"t_ges_seqlen5","Sequence length 5","Sequenzlänge 5"
"t_ges_seqlen6","Sequence length 6","Sequenzlänge 6"
"t_ges_seqlen6p","Sequence length >6","Sequenzlänge >6"
"t_ges_overlap3","3' overlap","3'-Überhang"
"t_ges_overlap5","5' overlap","5'-Überhang"
"t_ges_overlap_blunt","Blunt ends","Blunt ends"
"t_ges_enzyme_group","Use enzyme group","Benutze Enzymgruppe"
"t_ges_overlaps","Use enzymes that cause","Benutze Enzyme mit"
"t_ges_use_color_coding","Use color coding","Farbkodierung"
"t_ges_cut1","Single cutter","Ein Schnitt"
"t_ges_cut2","Double cutter","Zwei Schnitte"
"t_ges_cut3","Triple cutter","Drei Schnitte"
"t_enzymes_2","Restriction enzymes (2)","Restriktionsenzyme (2)"
"t_too_many_cuts","%d restriction cuts are too many to display; only %d wil be shown.\nPlease reduce the number of restriction enzymes or change the settings.","Von den %d Restriktions-Schnittstellen werden nur %d angezeigt.\nBitte reduzieren Sie die Anzahl der Restriktionsenzyme oder ändern Sie die Einstellungen."
"t_ges_met","Show methylation","Zeige Methylierung"
"t_ges_met_dam","DAM","DAM"
"t_ges_met_dcm","DCM","DCM"
"t_ges_showgc","Show GC contents","Zeige GC-Gehalt"
"t_gc_blocks","GC%% in %d bp blocks","GC%% in %d bp Blöcken"
"t_create_fragments","Create fragments","Fragmente erzeugen"
"t_add2gel","Add to gel","Zum Gel hinzufügen"
"t_one_lane_each","One lane each","Eins pro Lane"
"t_add_all","Add all","Alle hinzufügen"
"t_gelname_DNA","DNA Agarose gel, %2.1f%%","DNA-Agarose-Gel, %2.1f%%"
"t_loading","Loading...","Laden..."
"m_save_image","Save as image","Als Bild speichern"
"t_invalid_image","Invalid image or image type not supported","Fehlerhaftes Bild oder Bildtyp nicht unterstützt"
"t_choose_dir","Choose a directory","Verzeichnis auswählen"
"t_too_many_search_results","More than %d search results, only some are shown","Mehr als %d Suchergebnisse, nur ein Teil wird angezeigt"
"t_matches_found","%d matches found.","%dx gefunden."
"t_no_matches_found","No matches were found.","Nicht gefunden."
"t_too_many_ligations","Too many possible ligations, only some are shown","Zu viele mögliche Ligationen, nur ein Teil wird angezeigt"
"m_show_sequencing_primers","Show possible sequencing primers","Mögliche Sequenzierprimer anzeigen"
"m_remove_sequencing_primers","Remove sequencing primers","Sequenzierprimer entfernen"
"t_sequencing_primers","Sequencing primers","Sequenzierprimer"
"t_use_this_database","Use this database","Diese Datenbank benutzen"
"t_minimum_alignment","Minimum alignment","Minimales Alignment"
"t_desc_sequencing_primer","Sequencing primer, %d matches","Sequenzierprimer, %d Übereinstimmungen"
"t_clear_old_sp","Clear old sequencing primers","Alte Sequenzierungsprimer entfernen"
"t_3_5","3'->5'","3'->5'"
"t_5_3","5'->3'","5'->3'"
"t_use_this_project","Use primers from project","Benutze Primer aus dem Projekt"
"t_find_primers","Find primers","Finde Primer"
"t_desc_sequencing_primer2","Primer length is %dbp","Primerlänge : %dbp"
"t_desc_sequencing_primer3","Original primer sequence :","Originale Primersequenz :"
"t_update_warning","ATTENTION: The update function might be out of order.","ACHTUNG:Die Update-Funktion könnte beschädigt sein."
"m_external_interface","Web interface\tCtrl-D","Web-Interface\tStrg-D"
"t_external_interface","Web interface","Web-Interface"
"m_strands","Strands","Stränge"
"m_strand_copy_35","Copy 3'->5' strand to clipboard","3'->5'-Strang in die Zwischenablage kopieren"
"m_strand_copy_53","Copy 5'->3' strand to clipboard","5'->3'-Strang in die Zwischenablage kopieren"
"m_strand_copy_both","Copy both strands to clipboard","Beide Stränge in die Zwischenablage kopieren"
"m_strand_new_35","Create new entry for 3'->5' strand","Neuer Eintrag aus 3'->5'-Strang"
"m_strand_new_53","Create new entry for 5'->3' strand","Neuer Eintrag aus 5'->3'-Strang"
"m_strand_new_both","Create new entry for both strands","Neue Einträge für beide Stränge"
"t_error","An error has occured!","Es ist ein Fehler aufgetreten!"
"author(s)","Author(s)","Autor(en)"
"sort","Sort by","Sortieren nach"
"b_last","<<","<<"
"b_next",">>",">>"
"t_ext_show_res","Showing results %d-%d of %d","Suchergebnisse %d-%d von %d"
"t_data_by_ncbi","all data by NCBI","alle Daten von NCBI"
"t_calc_data_amino_acids","Amino acids","Aminosäuren"
"t_calc_data_olc","One letter code","Ein-Buchstaben-Code"
"t_calc_data_tlc","Three letter code","Drei-Buchstaben-Code"
"t_calc_data_name","Name","Name"
"t_calc_data_mw","Molecular weight","Molekulargewicht"
"t_calc_data_pi","Isoelectric point","Isoelektrischer Punkt"
"t_calc_data_codons","Codons","Codons"
"t_calc_data_dna","Codon table","Codon-Tabelle"
"t_hl_hour","%d hour","%d Stunde"
"t_hl_hours","%d hours","%d Stunden"
"t_hl_minutes","%d minutes","%d Minuten"
"t_hl_unknown","unknown","unbekannt"
"t_blast_time","Waiting for BLAST (%d seconds remaining)","Warte auf BLAST (noch %d Sekunden)"
"t_blast_failed","BLAST failed!","Fehler beim BLAST!"
"t_blast_results_by","BLAST results by %s (%d-%d of %d)","BLAST-Ergebnisse von %s (%d-%d of %d)"
"t_blast_qseq","Query:","Abfrage:"
"t_blast_hseq","Sbjct:","Ergebn.:"
"t_clustal_running","Standby...","Bitte warten..."
"img_show_text","Show labels","Beschriftung"
"t_codon_catalog","Codon catalog for backtranslation","Codon-Katalog für Rückübersetzung"
"t_codon_catalog_abstract","Abstract code","Abstrakter Code"
"t_backtranslated","This DNA sequence was backtranslated from an amino acid sequence for ","Diese DNS-Sequenz wurde aus einer Aminosäuresequenz zurückübersetzt für "
"t_large_warning_message","This operation might not be supported by the current database (sqlite 2.X). Convert the database to sqlite 3.X? \n(Older versions of GENtle might not be able to access the converted database anymore!)","Die gewünschte Operation ist mit dieser Datanbank-Version (sqlite 2.X) nicht möglich. Nach sqlite 3.X konvertieren? \n(Ältere GENtle-Versionen können die Datenbank dann möglicherweise nicht mehr lesen!)"
"t_large_warning_caption","Convert database?","Datenbank konvertieren?"
"t_conversion_complete","Conversion complete!","Konvertierung vollständig!"
"t_mysql_error_1153","MySQL error 1153: Increase the max_allowed_packet setting at the server","MySQL Fehler 1153: Die Einstellung 'max_allowed_packet' an Server erhöhen"
"t_doregisterstuff","Register protocols and extensions on startup","Protokolle und Dateitypen beim Start registrieren"
"t_editfeaturemode","Change edited feature","Bearbeitetes Feature verändern"
"t_editfeaturemode_1","Keep unchanged","Unverändert lassen"
"t_editfeaturemode_2","Mark name","Namen markieren"
"t_editfeaturemode_3","Cut off","Abschneiden"
"t_invert","Invert","Invertieren"
"t_insert_restriction_site","Insert restriction site","Restriktionsschnittstelle einfügen"
"t_cgview_settings","CGview export settings","CGview Export-Einstellungen"
"t_cgview_use_default_colors","Use default colors (current colors otherwise)","Standardfarben verwenden (ansonsten aktuelle Farben)"
"t_cgview_run_cgview","Run GCview","CGview ausführen"
"t_cgview_run_image_app","Run image view application afterwards","Danach die Bildbetrachtungs-Software starten"
"t_cgview_choose_jar","Choose the CGview .jar file","Die CGview .jar auswählen"
"t_cgview_imagetypes","Image type ","Bildtyp "
"t_cgview_image_dimensions","Image dimensions ","Bildgröße "
"t_you_use_version","You are using version ","Sie benutzen Version "
"m_auto_annotate","Auto-annotate sequence\tF9","Sequenz automatisch annotieren\tF9"
"u_autoannotate","Auto-annotate sequence","Sequenz automatisch annotieren"
"t_cgview_showrestrictionsites","Show restriction sites","Zeige Restriktionsschnittstellen"
"t_cgview_showgc","Show GC%","Zeige GC%"
"t_cgview_backgroundcolor","Background color","Hintergrundfarbe"
"t_autoann_use_common_database","Use common vectors database","Datenbank mit gebräuchlichen Vektoren verwenden"
"t_autoann_use_additional_database","Use additional database","Zusätzliche Datenbank verwenden"
"t_autoann_reduce_item_number","Reduce number of features","Feature-Anzahl reduzieren"
"t_autoann_add_orfs","Add undetected open reading frames","Nicht erkannte open reading frames hinzufügen"
"t_graph","Graph","Graph"
"m_graph","&Graph","&Graph"
"m_graph_txt","Import/display graph data","Graph-Daten importieren/anzeigen"
"t_wavelength","Wavelength","Wellenlänge"
"t_intensity","Intensity","Intensität"
"m_graph_swap_side","S&wap scale side","S&kala auf die andere Seite bringen"
"t_zoom_linked","Synchronize zoom","Zoom synchronisieren"
"m_aa_ipc","&Isotopic Pattern Calculator","&Isotopic Pattern Calculator"
"t_aa_ipc","Isotopic Pattern Calculator (by Dirk Nolting)","Isotopic Pattern Calculator (by Dirk Nolting)"
"t_ipc_est","Estimate %s seconds","Geschätzt %s Sekunden"
"t_limit","Limit","Limit"
"t_graph_file_type_photometer","Photometer type ???","Photometer Typ ???"
"t_graph_file_type_fluorimeter","Fluorimeter type ???","Fluorimeter Typ ???"
"t_graph_file_type_xypair","XY pairs","XY-Paare"
"t_graph_file_type_bio","BIO format","BIO-Format"
"t_graph_file_type_bio_csv","BioRad FPLC CSV/TXT format","BioRad FPLC CSV/TXT-Format"
"t_primer_up","5'","5'"
"t_primer_down","3'","3'"
"m_graph_save_as_image","Save as image","Als Bild speichern"
"m_graph_copy_as_image","Copy as image","Als Bild kopieren"
"t_graph_open_title","Import graph","Graph importieren"
"t_graph_open_text","Choose a source type :","Datentyp auswählen :"
"m_speak","Read sequence aloud","Sequenz vorlesen"
"t_speak","Read sequence aloud","Sequenz vorlesen"
"b_speak_play","&Play","&Play"
"b_speak_stop","&Stop","&Stop"
"t_speak_do_pause","Pause after ","Pause nach "
"t_speak_pause"," characters"," Zeichen"
"m_phylip","Phylip","Phylip"
"m_phylip_protpars","ProtPars","ProtPars"
"m_phylip_dnapars","DNApars","DNApars"
"m_phylip_dnamove","DNAmove","DNAmove"
"m_phylip_dnapenny","DNApenny","DNApenny"
"m_phylip_dnacomp","DNAcomp","DNAcomp"
"m_phylip_dnainvar","DNAinvar","DNAinvar"
"m_phylip_dnaml","DNAml","DNAml"
"m_phylip_dnamlk","DNAmlk","DNAmlk"
"m_phylip_proml","ProMl","ProMl"
"m_phylip_promlk","ProMlk","ProMlk"
"m_phylip_dnadist","DNAdist","DNAdist"
"m_phylip_protdist","ProtDist","ProtDist"
"m_phylip_restdist","",""
"m_phylip_restml","RestMl (slow!)","RestMl (langsam!)"
"m_phylip_seqboot","SeqBoot","SeqBoot"
"m_phylip_fitch","",""
"m_phylip_kitsch","",""
"m_phylip_neighbor","",""
"m_phylip_contml","",""
"m_phylip_gendist","",""
"m_phylip_contrast","",""
"m_phylip_pars","",""
"m_phylip_mix","",""
"m_phylip_move","",""
"m_phylip_penny","",""
"m_phylip_dollop","",""
"m_phylip_dolmove","",""
"m_phylip_dolpenny","",""
"m_phylip_clique","",""
"m_phylip_factor","",""
"m_phylip_drawgram","",""
"m_phylip_drawtree","",""
"m_phylip_treedist","",""
"m_phylip_consense","Consense","Consense"
"m_phylip_retree","",""
"m_phylip_setup","Setup","Setup"
"t_phylogenetic_tree","Phylogenetic tree","Phylogenetischer Baum"
"t_select_phylip_dir","Select PHYLIP executable directory (due to licensing issues, PHYLIP functions cannot be included into GENtle; you'll have to download them yourself)","Das lokale Verzeichnis mit den PHYLIP-Programmen auswählen (aus lizenzrechtlichen Gründen können die PHYLIP-Funktionen nicht in GENtle integriert werden; Sie müssen PHYLIP selbst herunterladen)"
"t_phylip_directlines","Direct connections","Direkte Verbindungen"
"t_biorad_csv_time","Time","Zeit"
"t_biorad_csv_conductivity","Conductivity","Leitfähigkeit"
"t_biorad_csv_UV","UV","UV"
"t_graph_dialog","Graph dialog","Graph-Einstellungen"
"t_gd_scales","Scales","Skalen"
"t_gd_data","Data","Daten"
"t_gd_graph","Graph","Graph"
"color","Color","Farbe"
"none","none","nichts"
"m_troubleshoot","&Troubleshoot","&Problemcheck"
"t_pcr_ts_title","PCR troubleshoot assistant"," PCR Problem-Assistent"
"t_pcr_ts_deltag0","DeltaG0=%2.2f kcal/mol (<<-6 might cause trouble)","DeltaG0=%2.2f kcal/mol (<<-6 kann zu Problemen führen)"
"t_pcr_ts_warning_dimer_formation","Dimer formation","Dimerbildung"
"t_pcr_ts_warning_self_dimer"," (self-dimer)"," (self-dimer)"
"t_pcr_ts_warning_crossdimer"," with primer #%d"," mit Primer #%d"
"t_pcr_ts_warning_primer_length","Primer length","Primerlänge"
"t_pcr_ts_warning_primer_length_text","This primer is %d bases long. Optimal length is 18-22 bases.","Dieser Primer ist %d Basen lang. Optimal sind 18-22 Basen."
"t_pcr_ts_warning_end_stability","End stability","Stabilität"
"t_pcr_ts_warning_end_stability_text","The end stability of the primer is %2.2f; the less negative, the better.","Die Stabilität des Primers ist %2.2f; je weniger negativ, desto besser."
"t_pcr_ts_warning_GC","GC Contents","GC-Gehalt"
"t_pcr_ts_warning_GC_text","The %%GC content of the primer should be between 40%% and 60%%; it is currently %d%%","Der %%GC-Gehalt des Primers sollte zwischen 40%% und 60%% liegen; momentan liegt er bei %d%%"
"t_pcr_ts_warning_gc_clamp","GC Clamp","GC-Klammer"
"t_pcr_ts_warning_gc_clamp_t1","The last five bases of the 3' end of the primer should contain at least one G or C","Die letzten fünf Basen des 3'-Endes des Primers sollten wenigstens ein G oder C enthalten"
"t_pcr_ts_warning_gc_clamp_t2","The last five bases of the 3' end of the primer should not contain more than three Gs or Cs","Die letzten fünf Basen des 3'-Endes des Primers sollten nicht mehr als drei Gs oder Cs enthalten"
"t_pcr_ts_warning_runs","Runs","Wiederholungen"
"t_pcr_ts_warning_repeats","Repeats","Wiederholungen"
"t_pcr_ts_warning_runs_text","There are more than four repeats of '%s' in a row. This will likely lead to mispriming.","Es gibt über vier Wiederholungen von '%s' hintereinander. Dies führt wahrscheinlich zu Fehlpriming."
"t_pcr_ts_warning_runs_text2","There are four repeats of '%s' in a row. This might lead to mispriming.","Es gibt vier Wiederholungen von '%s' hintereinander. Dies könnte zu Fehlpriming führen."
"t_pcr_ts_warning_specificity","Specificity","Spezifität"
"t_pcr_ts_warning_","",""
"t_showenzymepos","Show enzyme position in map","Zeige Enzymposition in der Karte"
"t_number_csv_columns","Please enter the number of columns for the CSV file","Bitte die Spaltenanzahl der CSV-Datei angeben"
"m_aa_proteolysis","&Proteolysis assistant","&Proteolyse-Assistent"
"t_proteolysis","Proteolysis assistant","Proteolyse-Assistent"
"t_proteolysis_cut_after","After %d (%s)","Nach %d (%s)"
"t_proteolysis_proteases","Proteases","Proteasen"
"t_proteolysis_skip","Protect features","Features schützen"
"t_proteolysis_cuts","Cuts","Schnitte"
"t_proteolysis_results","Resulting fragments","Resultierende Fragmente"
"t_proteolysis_gel","Gel simulation","Gel-Simulation"
"t_proteolysis_show_uncut","Show uncut protein in gel (red)","Zeige ungeschnittenes Protein im Gel (rot)"
"t_proteolysis_create_fragments","Create selected fragments","Gewählte Fragmente erzeugen"
"t_proteolysis_annotate","Annotate selected fragments","Gewählte Fragmente annotieren"
"t_proteolysis_keep_proteases","Keep proteases","Proteasen übernehmen"
"t_proteolysis_fragment","Fragment %d","Fragment %d"
"t_proteolysis_fragment_long","Proteolysis fragment %d","Proteolyse-Fragment %d"
"t_proteolysis_separate","Separate fragments","Fragmente trennen"
"t_proteolysis_auto_results","Cocktail suggestions","Cocktail-Vorschläge"
"t_proteolysis_auto_desc_1","Cuts between ","Schneidet zwischen "
"t_proteolysis_auto_desc_2"," and "," und "
"t_proteolysis_auto_desc_n1","Does NOT cut between ","Schneidet NICHT zwischen "
"t_proteolysis_auto_desc_n2"," and "," und "
"t_proteolysis_auto_fragments","%d fragments","%d Fragmente"
"t_proteolysis_auto_num_prot","Maximum number of proteases","Maximale Anzahl Proteasen"
"b_all","&All","&Alle"
"b_none","&None","Kei&ns"
"t_pro_sort_results","Sort fragments by","Fragmente sortieren nach"
"t_pro_sort_results_1","Position","Position"
"t_pro_sort_results_2","Length","Länge"
"t_pro_sort_results_3","Size","Größe"
"b_open_link","NCB&I","NCB&I"
"t_show_stop_codon","Display stop codon","Darstellung des Stopcodons"
"t_aa_col","Amino acid color in DNA modul","Aminosäurenfarbe im DNS-Modul"
"t_searching","Searching...","Suchen..."
"m_open_feature","Features at this position","Features an dieser Stelle"
"t_feature_list","Feature list","Feature-Liste"
"t_feature_list_at","Features at position %d","Features an Position %d"
"t_find_hint","You can use '?' for one and '*' for multiple unknown characters","Sie können '?' für ein und '*' für mehrere unbekannte Zeichen verwenden."
"t_use_nonstandard_translation_table","Force this translation table","Diese Translationstabelle erzwingen"
"p_turn_this_zero","Turn this to 12 o'clock","Dies in 12-Uhr-Position drehen"
"u_turn","&Undo turning","Drehen &rückgängig machen"
"t_vg_show_label","Show label","Zeige Beschriftung"
"t_vg_concentration","   Gel concentration","   Gelkonzentration"
"t_vg_marker","   Marker","   Marker"
"t_res_list_1","Restriction cuts by position","Restriktionsschnitte (Position)"
"t_res_list_2","Restriction cuts by enzyme","Restriktionsschnitte (Enzym)"
"t_res_list_3","Restriction cuts by cuts per enzyme","Restriktionsschnitte (Schnitte pro Enzym)"
"t_local_db_warning","Your local.db has been created in your user directory, rather than centrally in the GENtle program directory, due to lack of user permissions.","Ihre lokale Datenbank (local.db) wurde in Ihrem Benutzerverzeichnis angelegt."
"aa_info2a",", assuming ALL Cys residues appear as half cystines",", wenn ALLE Cysteine als Halb-Cysteine erscheinen"
"aa_info2b",", assuming NO Cys residues appear as half cystines",", wenn KEINE Cysteine als Halb-Cysteine erscheinen"
"m_siRNA","Detect siRNA duplexes","siRNA-Duplexes finden"
"t_siRNA","siRNA","siRNA"
"t_siRNA_l","possible siRNA duplex (score : %d)","Möglicher siRNA-Duplex (Wert : %d)"
"m_sirna_duplexes","Detect siRNA duplexes","siRNA-Duplexes finden"
